"Person","Test1","Test2","FINAL"
"P1",77,50,74
"P2",88,63,71
"P3",0,93,92
"P4",0,100,83
"P5",90,77,71
"P6",73,83,83
"P7",86,97,75
"P8",88,70,79
"P9",85,70,79
"P10",88,90,63
"P11",89,70,67
"P12",94,87,71
"P13",87,80,75
"P14",94,87,75
"P15",95,90,92
"P16",75,83,71
"P17",83,77,67
"P18",87,67,74
"P19",77,83,100
"P20",73,77,54
"P21",94,80,79
"P22",99,93,100
"P23",92,63,71
"P24",100,90,96
"P25",88,87,96
"P26",91,90,88
"P27",87,93,71
"P28",90,87,88
"P29",95,57,50
"P30",88,73,58
"P31",89,83,67
"P32",95,77,50
"P33",77,77,71
"P34",95,90,92
"P35",80,83,50
"P36",79,50,54
"P37",91,80,92
"P38",83,73,58
"P39",100,77,71
"P40",97,63,67
"P41",83,90,58
"P42",93,90,71
"P43",92,77,75
"P44",94,83,42
"P45",92,87,71
"P46",0,93,67
"P47",86,90,88
"P48",63,93,42
"P49",100,83,58
"P50",0,80,71
"P51",82,83,58
"P52",90,70,50
"P53",100,70,58
"P54",91,100,88
